{
	"playlistName": "2 - Intermediate",
	"playlistId": 8,
	"authorSteamId": "76561198066375616",
	"authorName": "DrUninstall",
	"scenarioList": [
		{
			"scenarioName": "Thin Aiming long slow invincible",
			"playCount": 2
		},
		{
			"scenarioName": "FuglaaXYVert Easy",
			"playCount": 2
		},
		{
			"scenarioName": "Kindaclose Fast Strafes",
			"playCount": 2
		},
		{
			"scenarioName": "Air Invincible 2",
			"playCount": 2
		},
		{
			"scenarioName": "1wall2targets TE",
			"playCount": 2
		},
		{
			"scenarioName": "Wide Wall 3 Targets",
			"playCount": 2
		},
		{
			"scenarioName": "1w4ts 30% larger",
			"playCount": 2
		},
		{
			"scenarioName": "Bounce 180 Reload",
			"playCount": 2
		},
		{
			"scenarioName": "1wall5targets_pasu slow",
			"playCount": 2
		},
		{
			"scenarioName": "voxTargetSwitch 2",
			"playCount": 2
		},
		{
			"scenarioName": "kinTS NR Easy",
			"playCount": 2
		},
		{
			"scenarioName": "canTS",
			"playCount": 2
		},
		{
			"scenarioName": "Flux Valorant Reflex Flick",
			"playCount": 2
		}
	],
	"description": "If \"1 - Basic\" feels like a breeze, this is the next step. On this playlist, the user is faced with already familiar scenarios made harder, as well as being introduced to some new concepts like faster strafes, harder verticality, etc.",
	"hasOfflineScenarios": false,
	"hasEdited": false,
	"shareCode": "KovaaKsBindingAfkBunnyhop"
}