{
	"playlistName": "AIMER7 Sub-intermediate Tracking",
	"playlistId": 0,
	"authorSteamId": "",
	"authorName": "",
	"scenarioList": [
		{
			"scenarioName": "RexStrafesCata",
			"playCount": 15
		},
		{
			"scenarioName": "Close Fast Strafes Easy",
			"playCount": 10
		},
		{
			"scenarioName": "Vertical Long Strafes",
			"playCount": 10
		},
		{
			"scenarioName": "Tile Frenzy 180 Strafing Tracking",
			"playCount": 10
		},
		{
			"scenarioName": "Bounce 180 Tracking",
			"playCount": 10
		},
		{
			"scenarioName": "Ground Plaza Easy",
			"playCount": 1
		},
		{
			"scenarioName": "Vertical Fast Strafes",
			"playCount": 15
		},
		{
			"scenarioName": "1wall5targets_pasu",
			"playCount": 10
		}
	],
	"description": "",
	"hasOfflineScenarios": false,
	"hasEdited": false,
	"shareCode": "KovaaKsRoaming180Payload"
}