{
	"playlistName": "AIMER7 Sub-intermediate Click-timing",
	"playlistId": 0,
	"authorSteamId": "",
	"authorName": "",
	"scenarioList": [
		{
			"scenarioName": "Bounce 180",
			"playCount": 15
		},
		{
			"scenarioName": "1wall 6targets small",
			"playCount": 10
		},
		{
			"scenarioName": "1wall5targets_pasu",
			"playCount": 10
		},
		{
			"scenarioName": "RexStrafesCata",
			"playCount": 10
		},
		{
			"scenarioName": "Tile Frenzy 180 Strafing 200 Percent",
			"playCount": 10
		},
		{
			"scenarioName": "Ground Plaza Easy",
			"playCount": 1
		},
		{
			"scenarioName": "Close Fast Strafes Easy",
			"playCount": 10
		}
	],
	"description": "",
	"hasOfflineScenarios": false,
	"hasEdited": false,
	"shareCode": ""
}