{
	"playlistName": "VALORANT - PureG [Warmup]",
	"playlistId": 54240,
	"authorSteamId": "76561198851187804",
	"authorName": "Krascsi",
	"scenarioList": [
		{
			"scenarioName": "Valorant small horizontal flicks No Explosion",
			"playCount": 1
		},
		{
			"scenarioName": "Spherical Centering",
			"playCount": 2
		},
		{
			"scenarioName": "Consecutive Tracking",
			"playCount": 2
		},
		{
			"scenarioName": "tamTS control Lapu4 180",
			"playCount": 2
		},
		{
			"scenarioName": "Micro adjust 5 targets small",
			"playCount": 2
		},
		{
			"scenarioName": "Eclipse Flick",
			"playCount": 2
		},
		{
			"scenarioName": "RawMouseControl Reload",
			"playCount": 2
		},
		{
			"scenarioName": "beanClick Micro 30% Smaller",
			"playCount": 2
		},
		{
			"scenarioName": "Cooler TAF",
			"playCount": 2
		},
		{
			"scenarioName": "Tamspeed 2bps",
			"playCount": 2
		},
		{
			"scenarioName": "1w2ts Pasu Perfected 30% Smaller ",
			"playCount": 2
		},
		{
			"scenarioName": "ochClick HS 30% Smaller",
			"playCount": 2
		},
		{
			"scenarioName": "Valorant Peek small",
			"playCount": 2
		},
		{
			"scenarioName": "Valobotz Aim 90 30s",
			"playCount": 1
		}
	],
	"description": "",
	"hasOfflineScenarios": false,
	"hasEdited": false,
	"shareCode": "KovaaKsHeadshottingSepiaDeathball"
}