{
	"playlistName": "Voltaic Benchmarks (Easy)",
	"playlistId": 19452,
	"authorSteamId": "76561199169947430",
	"authorName": "",
	"scenarioList": [
		{
			"scenarioName": "Pasu Voltaic Easy",
			"playCount": 1
		},
		{
			"scenarioName": "B180 Voltaic Easy",
			"playCount": 1
		},
		{
			"scenarioName": "Popcorn Voltaic Easy",
			"playCount": 1
		},
		{
			"scenarioName": "ww3t Voltaic",
			"playCount": 1
		},
		{
			"scenarioName": "1w4ts Voltaic",
			"playCount": 1
		},
		{
			"scenarioName": "6 Sphere Hipfire Voltaic",
			"playCount": 1
		},
		{
			"scenarioName": "Smoothbot Voltaic Easy",
			"playCount": 1
		},
		{
			"scenarioName": "Air Angelic 4 Voltaic Easy",
			"playCount": 1
		},
		{
			"scenarioName": "PGTI Voltaic Easy",
			"playCount": 1
		},
		{
			"scenarioName": "FuglaaXYZ Voltaic Easy",
			"playCount": 1
		},
		{
			"scenarioName": "Ground Plaza Voltaic Easy",
			"playCount": 1
		},
		{
			"scenarioName": "Air Voltaic Easy",
			"playCount": 1
		},
		{
			"scenarioName": "patTS Voltaic Easy",
			"playCount": 1
		},
		{
			"scenarioName": "psalmTS Voltaic Easy",
			"playCount": 1
		},
		{
			"scenarioName": "voxTS Voltaic Easy",
			"playCount": 1
		},
		{
			"scenarioName": "kinTS Voltaic Easy",
			"playCount": 1
		},
		{
			"scenarioName": "B180T Voltaic Easy",
			"playCount": 1
		},
		{
			"scenarioName": "Smoothbot TS Voltaic Easy",
			"playCount": 1
		}
	],
	"description": "",
	"hasOfflineScenarios": false,
	"hasEdited": false,
	"shareCode": "KovaaKsFlickingFastCashdrop"
}