{
	"playlistName": "VT Fundamental 8 - Grandmaster",
	"playlistId": 9745,
	"authorSteamId": "76561198129607783",
	"authorName": "",
	"scenarioList": [
		{
			"scenarioName": "Smooth Thin Strafes Grandmaster",
			"playCount": 2
		},
		{
			"scenarioName": "VAI 1 Grandmaster",
			"playCount": 2
		},
		{
			"scenarioName": "VAI 15 Grandmaster",
			"playCount": 2
		},
		{
			"scenarioName": "Popcorn Gauntlet Raspberry Grandmaster",
			"playCount": 1
		},
		{
			"scenarioName": "Smoothsphere Grandmaster",
			"playCount": 2
		},
		{
			"scenarioName": "Controlsphere Grandmaster",
			"playCount": 2
		},
		{
			"scenarioName": "Air Angelic 7 Grandmaster",
			"playCount": 2
		},
		{
			"scenarioName": "Air NUNS AIO Grandmaster",
			"playCount": 2
		},
		{
			"scenarioName": "Flicker XYZ Grandmaster",
			"playCount": 2
		},
		{
			"scenarioName": "FuglaaXYZ Voltaic Less Blinks Grandmaster",
			"playCount": 2
		},
		{
			"scenarioName": "Trackstop Grandmaster",
			"playCount": 2
		},
		{
			"scenarioName": "Flicker Plaza No Strafes Dash Grandmaster",
			"playCount": 1
		},
		{
			"scenarioName": "Flicker Plaza Grandmaster",
			"playCount": 1
		},
		{
			"scenarioName": "VSS Close-Mid Long 30% Smaller",
			"playCount": 2
		},
		{
			"scenarioName": "Midrange Fast Strafes Invincible Grandmaster",
			"playCount": 2
		},
		{
			"scenarioName": "Glider GOATED Hard",
			"playCount": 2
		},
		{
			"scenarioName": "Smoothbot Unvincible Small Goated",
			"playCount": 2
		},
		{
			"scenarioName": "Leap 180TI Grandmaster",
			"playCount": 2
		},
		{
			"scenarioName": "Precision XYZ Grandmaster",
			"playCount": 2
		},
		{
			"scenarioName": "1w4t Pasu Raspberry Grandmaster",
			"playCount": 5
		},
		{
			"scenarioName": "Popcorn VT Goated",
			"playCount": 5
		},
		{
			"scenarioName": "Leap 180 Grandmaster",
			"playCount": 5
		},
		{
			"scenarioName": "Psalm Clicking Small",
			"playCount": 5
		},
		{
			"scenarioName": "1w6ts_trustechain Raspberry",
			"playCount": 2
		},
		{
			"scenarioName": "Pokeball Frenzy Auto 1w2ts",
			"playCount": 2
		},
		{
			"scenarioName": "1w2ts reload",
			"playCount": 2
		},
		{
			"scenarioName": "Pokeball Frenzy Auto Wide Wall 2 Targets",
			"playCount": 2
		},
		{
			"scenarioName": "ww2t Voltaic",
			"playCount": 2
		},
		{
			"scenarioName": "Pokeball 5 Sphere Hipfire Small",
			"playCount": 2
		},
		{
			"scenarioName": "12 Sphere Hipfire 30% Smaller",
			"playCount": 2
		},
		{
			"scenarioName": "Pokeball Frenzy Auto 1w4ts",
			"playCount": 2
		},
		{
			"scenarioName": "fuglaaPressure NoReload",
			"playCount": 2
		},
		{
			"scenarioName": "1wall4targets TE Reload",
			"playCount": 2
		},
		{
			"scenarioName": "B180T Voltaic Grandmaster",
			"playCount": 5
		},
		{
			"scenarioName": "kinTS Voltaic Small 300%",
			"playCount": 5
		},
		{
			"scenarioName": "patTS Static Small NR no body",
			"playCount": 5
		},
		{
			"scenarioName": "voxTS Static Small NR",
			"playCount": 5
		},
		{
			"scenarioName": "patTS Voltaic 30% Smaller Smooth",
			"playCount": 5
		},
		{
			"scenarioName": "voxTS Voltaic 30% Smaller Smooth",
			"playCount": 5
		}
	],
	"description": "",
	"hasEdited": false,
	"shareCode": "KovaaKsTimewarpingSalmonPharmercy"
}