{
	"playlistName": "VT Fundamental 7 - Master",
	"playlistId": 9746,
	"authorSteamId": "76561198129607783",
	"authorName": "",
	"scenarioList": [
		{
			"scenarioName": "Smooth Thin Strafes Master",
			"playCount": 2
		},
		{
			"scenarioName": "VAI 1 Master",
			"playCount": 2
		},
		{
			"scenarioName": "VAI 15 Master",
			"playCount": 2
		},
		{
			"scenarioName": "Popcorn Gauntlet Raspberry Master",
			"playCount": 1
		},
		{
			"scenarioName": "Smoothsphere Master",
			"playCount": 2
		},
		{
			"scenarioName": "Controlsphere Master",
			"playCount": 2
		},
		{
			"scenarioName": "Air Angelic 7 Smaller fixed",
			"playCount": 2
		},
		{
			"scenarioName": "Air NUNS AIO Insane",
			"playCount": 2
		},
		{
			"scenarioName": "Flicker XYZ",
			"playCount": 2
		},
		{
			"scenarioName": "FuglaaXYZ Voltaic Less Blinks Master",
			"playCount": 2
		},
		{
			"scenarioName": "Trackstop Master",
			"playCount": 2
		},
		{
			"scenarioName": "Flicker Plaza No Strafes Dash Master",
			"playCount": 1
		},
		{
			"scenarioName": "Flicker Plaza Hard",
			"playCount": 1
		},
		{
			"scenarioName": "VSS Close-Mid Long Master",
			"playCount": 2
		},
		{
			"scenarioName": "Midrange Fast Strafes Invincible Raspberry v2",
			"playCount": 2
		},
		{
			"scenarioName": "Glider GOATED",
			"playCount": 2
		},
		{
			"scenarioName": "Smoothbot Unvincible Goated Master",
			"playCount": 2
		},
		{
			"scenarioName": "Leap 180TI Master",
			"playCount": 2
		},
		{
			"scenarioName": "Precision XYZ Master",
			"playCount": 2
		},
		{
			"scenarioName": "1w4t Pasu Raspberry Master",
			"playCount": 5
		},
		{
			"scenarioName": "Popcorn VT Goated",
			"playCount": 5
		},
		{
			"scenarioName": "Leap 180 Master",
			"playCount": 5
		},
		{
			"scenarioName": "psalmTS angelic click",
			"playCount": 5
		},
		{
			"scenarioName": "1w6ts_trustechain Raspberry",
			"playCount": 2
		},
		{
			"scenarioName": "Pokeball Frenzy Auto 1w2ts",
			"playCount": 2
		},
		{
			"scenarioName": "1w2ts reload",
			"playCount": 2
		},
		{
			"scenarioName": "1w4ts reload 30% smaller",
			"playCount": 2
		},
		{
			"scenarioName": "1w3ts 30% larger",
			"playCount": 2
		},
		{
			"scenarioName": "1wall4targets TE Reload",
			"playCount": 2
		},
		{
			"scenarioName": "Pokeball Frenzy Auto Wide Wall 2 Targets",
			"playCount": 2
		},
		{
			"scenarioName": "ww2t Voltaic",
			"playCount": 2
		},
		{
			"scenarioName": "Pokeball 5 Sphere Hipfire Small",
			"playCount": 2
		},
		{
			"scenarioName": "10 Sphere Hipfire Small Fixed Reload",
			"playCount": 2
		},
		{
			"scenarioName": "fuglaab180t Master",
			"playCount": 5
		},
		{
			"scenarioName": "kinTS Voltaic Small 200%",
			"playCount": 5
		},
		{
			"scenarioName": "patTS Static Small NR no body",
			"playCount": 5
		},
		{
			"scenarioName": "voxTS Static Small NR",
			"playCount": 5
		},
		{
			"scenarioName": "patTS Voltaic 30% Smaller",
			"playCount": 5
		},
		{
			"scenarioName": "voxTS Voltaic s3 30% Smaller",
			"playCount": 5
		}
	],
	"description": "",
	"hasEdited": false,
	"shareCode": "KovaaKsTrackingSaltyFlash"
}